review_text,category
@collegemenfess Mending kkn dihapus si soalnya kalo skripsi di hapus karena kampus gue seni jadi penggantinya lebih ga masuk akal. Dan mending TA aja sama Skripsi lah bjirrr gpp stress dikit daripada stress bangetttt,neutral
BZIRRR SKS YANG KULULUSI 154 BELUM SAMA SKRIPSI SOLUSINYA YA PENGHAPUSAN MATKUL DI TRANSKRIP ALIAS SIA SIA GUE KULIAH UJUNG UJUNGNYA DIHAPUS,neutral
Riwayat Joki Daftar Pustaka+Sitasi Menggunakan Mendeley Sekaligus Daftar Isi Daftar Tabel Daftar Gambar (untuk skripsi) *file dijamin kerahasiaannya karena akan dihapus setelah pengiriman dan konfirmasi tdk ada revisian. https://t.co/1Pbdqy3SvB,neutral
Skripsi nggausah dihapus gpp tapi mending abis pkkmb langsung wisuda aja,neutral
@convomf Apa dikiranya skripsi tidak diwajibkan tu dihapus kah,neutral
Mahasiswa Lulus Tanpa Bikin Skripsi Begini Penjelasan Nadiem Makarim Nadiem meluncurkan kebijakan untuk transformasi di bidang pendidikan. Mahasiswa S1 tidak lagi wajib menyusun skripsi sebagai syarat kelulusan #skripsi #morning #mendikbudristek https://t.co/wgvnWs1Ut7,neutral
Skripsi dihapus itu mentri pendidikan emang berapa banyak nerima dosen yang praktisi yang memang paham temtang bidangnya secara praktik tidak hanya teori ? Emang sudah memberikan berapa banyak pelatihan dosen sertifikasi ? Cuma nanya ga nuntut kok ,neutral
@collegemenfess mending yg dihapus pas ujiannya sihh garap skripsi trus revisi revisi dah kelar ditumpuk gak sah ujian,neutral
meskipun masih maba gue bingung kalo skripsi dihapus gue lulus pake apaan..,neutral
 guys emang bener skripsi mau dihapus?,neutral
Sejujurnya yang ini kebijakan bagus (tidak semuanya). Skripsi sebagai kualifikasi sarjana juga dasarnya ga kuat2 banget ditambah yang naik udah ilmu terapan dan industri. Udah saatnya berkembang tanpa ninggalin tradisi berubah.,neutral
Juru Bicara Nasional DPP Partai Perindo Ike Julies Tiati atau Ike Suharjo mengatakan aturan baru ini tentu menjadi suatu terobosan baru bagi dunia pendidikan di Indonesia. #GTV #BuletiniNews #Perindo #jubir #Mendikbudristek #penghapusan #Skripsi #syarat #lulus https://t.co/82ZZD7XkL0,neutral
@collegemenfess Project sama nerbitin jurnal ga sesederhana itu juga. Nerbitin jurnal pun pasti beda pengaturan AIUEO buat bikin jurnal nya sama jurnal yang biasa dibikin buat tugas matkul. Kenapa sih setiap berita begini pada baca judulnya aja waktu itu perihal UN dihapus sekarang skripsi,positive
@ekvkul_ Problemnya bukan di skripsi sih imo ketimbang dihapus better kasih opsional untuk bisa memilih ujian akhirnya dalam bentuk apa sesuai arah si mahasiswa. Jd lebih merdeka memilih sesuai jurusannya bisa skripsi proyek penelitian dll sesuai kebijakan kampus dan kaprodi. Cont..,neutral
@kompascom terlanjur malas mikir kelamaan dijajah belanda bahkan UN sbg standarisasi pengetahuan dihapus dg berbagai alasan. skripsi pun dihilangkan. karena targetnya dunia kerja yg artinya hanya melaksanakan perintah bukan inovasi.,neutral
@collegemenfess Skripsi dihapus lah,neutral
aku juga mikirnya kalo skripsi dihapus pasti penggantinya lebih susah ahahaha,neutral
Top News: Skripsi Dihapus Pertamina Berhenti Jual Pertalite di 2024 https://t.co/mWwbmNvxQU,neutral
@collegemenfess Karena aku kpopers yang biasa lewat ofcourse tentang kpop. Tapi mostly yang aku buka tentang pendidikan sih kak. Tentang penghapusan skripsi dan sejenisnya,neutral
Nasyiah Talk Edisi ke-4 Pro Kontra Kebijakan Penghapusan Kewajiban Skripsi di Peguruan Tinggi Jumat 27 Oktober 2023 Pukul 19.00 WIB - selesai Narasumber : Risni Julaeni Yuhan Ketua Bidang Pendidikan dan Penelitian PPNA Live Instagram @ppnasyiah #skripsi #pendidikantinggi https://t.co/Ive9n0J8ti,neutral
@collegemenfess Ini belum ada yang posting namanya? Dianti maulina sari D3 teknik kimia Fakultas teknik Industri Pelaku penghapusan skripsi teman (hingga backup file juga) dan peretasan email,neutral
@collegemenfess klu kampusku drdlu udh ada kebijakan bisa lulus tanpa skripsi. tapi ya tetap ada tugas akhirnya like bikin jurnal atau Hak Kekayaan Intelektual macem-macem lah,neutral
Sejumlah Perguruan Tinggi Negeri (PTN) di Malang merespon kebijakan penghapusan skripsi sebagai syarat lulus bagi sarjana. https://t.co/fjWunyhsOE,neutral
Penghapusan kewajiban mengerjakan skripsi tesis atau disertasi sepatutnya disertai dengan terjaganya kualitas lulusan perguruan tinggi. #Dikbud #AdadiKompas https://t.co/DA4LxpByXC,neutral
@collegemenfess Skripsi dihapus lah,neutral
@collegemenfess Skripsi dihapus. Soalnya klo KKN bisa rekognisi ,negative
Penghapusan kewajiban skripsi memang memberi kebebasan mahasiswa memilih tugas akhir sesuai bidang yang diminati. Meskipun begitu mahasiswa harus memahami tugas akhir lain pengganti skripsi. #Opini #AdadiKompas https://t.co/J3SFGJlYcs,neutral
Penghapusan kewajiban mengerjakan skripsi tesis atau disertasi sepatutnya disertai dengan terjaganya kualitas lulusan perguruan tinggi. #Dikbud #AdadiKompas https://t.co/SaWwMHrkRZ,neutral
Humaniora sepekan Skripsi tidak dihapus hingga wacana haji satu kali https://t.co/3eXawfJyL3,neutral
*Terkait Penghapusan Skripsi Ini Kata Kaprodi PBSI UIR* https://t.co/RL83XVG0jm,neutral
Di tengah ramenya rencana penghapusan skripsi sebagai syarat kelulusan gue malah nemu berita list provinsi yang angka partisipasi perguruan tingginya rendah banget Makin heran lagi pas liat listnyaa sih wkwk https://t.co/DFHxqv2rFv,neutral
@annisazafanas_ sbnernya setuju sii dengan adanya skripsi dihapus apalagi ada penggantinya yaitu tugas akhir ya semisal seperti itu gapapa yg penting diganti oleh tugas akhir atau project yg lebih bermanfaat bagi masyarakat sekitar. tanpa mengurangi nilai pendidikan di Indonesia.,neutral
@jaeyunnew @sbmptnfess katanya skripsi mau dihapus,neutral
Berdasarkan isi dari peraturan menteri tersebut terdapat perubahan atau dampak berupa penghapusan skripsi bagi mahasiswa S1.,neutral
daripada skripsi yg dihapus mending gw aja yg dihapus sih bang,neutral
@jdojaedo Bisa jadi judul skripsi gak sih. Eh lupa skripsi udah dihapus ya ,neutral
@collegemenfess Tetep ngerjain skripsi Sidang dihapus keknya bakal aneh gk sih secara sidang kan kek ujian akhirnya masa mau lulus gapake ujian. Sidang tuh buat ngecek hasil penelitian sama pemahaman dari yg udah kmu tulis bisa jadi nanti ditanyain materi matkul juga.,neutral
@collegemenfess Dihapus tp ada pengganti lain mnrtku sama aja si nder soalnya ttp aja di akhir itu bikin penelitian tp bedanya gadibikin skripsi,neutral
@collegemenfess Ini alasan dikeluarkannya kebijakan lulus tanpa skripsi,neutral
Akhirnya selesai juga life goals satu persatu. Menyingkirkan ego dan gengsi sejak dapat gaji sendiri. Sudah penghapusan cpns dan studi pun selesai. Mengalah gak beli gadget berjuang dengan HP dan Laptop imoets dari jaman skripsi dulu. Puji Tuhan that's it ,neutral
@essejuicycy wah rektor lg sibuk urus skripsi dihapus ap ngga,neutral
2 hari ini di kelas bahasannya soal penghapusan skripsi melulu. Kan kalau skripsi dihapus tetep ada tugas pengganti. Emang pada mau misal diminta nulis novel boso Enggres?,neutral
Soal Penghapusan Skripsi DPR: Harus Ada Aturan Baku https://t.co/xJY2i4OHMk,neutral
@aprilboyhwa Skripsi ga dihapus kok lebih ke optional pas aku baca kmrn itu cmiiw Jadi lek mentok ga ada yang di ACC Yah jalan terkahir skripsi,neutral
Skripsi dihapus mah bahasa alusnya aja. Bikin project dan up jurnal dgn standar lbh tinggi mah lbh susah keknya,positive
eh tapi katanya skripsi mau dihapus boleh deh...?,neutral
@collegemenfess ya si mending sidangnya aja yg dihapus toh nyatanya tuh skripsi ga akan mempengaruh ke apapun cuman di tumpuk dipojokan,neutral
Kemendikbudristek menekankan skripsi tidak dihapus melainkan tidak menjadi jalan satu-satunya untuk lulus kuliah. Lalu seperti apakah? https://t.co/NSeyj7GVsF,neutral
@woorarih_ btw skripsi ga dihapus sepenuhnya kok tetep tergantung kampusnya. dan kampus rata2 kayaknya males ribet jadi kemungkinan tetep akan lebih utamain skripsi. tapi aku setuju sama kamu sih kalo proyek kelompokan rawan ada yg numpang nama doang ckckck,neutral
@phantasmagorie_ udh puas si skripsi entot kita baru mau dihapus sama blio ya min,neutral
UMBY Sudah Hapus Skripsi untuk Syarat Lulus. beberapa universitas dan perguruan tinggi menyuarakan pemikiran mereka mengenai wacana penghapusan skripsi sebagai persyaratan kelulusan. -- Ikuti #PendidikanKesehatan #UMBY #yogyakarta via @beritajatimcom https://t.co/Jdp9D8GY4c,neutral
@stauber_43 ada beberapa kampus yang menyetujui skripsi dihapus ada jg engga yaa kak tergantung kebijakan dari kampusnya dan untuk kampus yh skripsinya dihapus nanti tetep diganti dengan tugas lain,positive
Skripsi Dihapus Dosen Arsitektur: Karya Lain Akan Lebih Berdampak di Masyarakat https://t.co/ZrtKPUOUST,negative
@collegemenfess Mending kemampuan membacamu yang diperbaiki. Siapa yang bilang skripsi dihapus? ,neutral
caminskripsi kalo masih coolyeah sekarang pasti seneng soalnya skripsi dihapus tapi kan tergantung kebijakan kampus https://t.co/C67RDfM7rJ,neutral
@collegemenfess skripsi bukan dihapus deh mksdnya tp jd opsi lulus aja ga si,neutral
um! sing panggah ngroweng masalah skripsi dihapus opo ora woconen iki cok! https://t.co/FihCqfVU5V,neutral
@discountfess Gak kebayang rumor kalau Skripsi dihapus terus nanti syaratnya diganti sama Game Cocoki otw jadi mahasiswa abadi kek nya aku ,neutral
Akulah si angkatan 2020 itu yang udah capek2 kelas tambahan eh UN dihapus yang tahun lalu udah sempro tau2 skripsi dihapus. Dahlah,neutral
Penghapusan kewajiban skripsi memang memberi kebebasan mahasiswa memilih tugas akhir sesuai bidang yang diminati. Meskipun begitu mahasiswa harus memahami tugas akhir lain pengganti skripsi. #Opini #AdadiKompas https://t.co/J3SFGJlYcs,neutral
Klo dosbing dihapus elu mau ngerjain skripsi dibimbing siapa bejirr,neutral
Mendikbudristek Nadiem Makarim mengumumkan penghapusan persyaratan skripsi sebagai syarat kelulusan bagi mahasiswa. https://t.co/i8DQcpusRW #suaramerdeka #suaramerdekacom #penghapusan #skripsi #tugasakhir #nadiemmakarim #mendikbudristek #merdekabelajar https://t.co/bpNmxbRUQM,neutral
Kalo menurut kamu penting gak sih adanya PTS ini atau mending ikutan dihapus aja kayak skripsi?,neutral
@wave2niel semoga tahun depan skripsi dihapus dah,neutral
@collegemenfess skripsi dihapus,neutral
asu og malah dihapus untungo ak skripsi jalur cepat jadi tidak pusing² sih awowkwk btw ora tuku loh ya wkwk,neutral
@collegemenfess Skripsi dihapus tepat sebulan setelah w wisuda kan bangke,neutral
Dari awal pas diumumin skripsi dihapus gue malah takut soalnya bisa jadi nanti tugas akhirnya lebih susahhhhhtp sepertinya bu rektor menyetujui penghapusan skripsi,neutral
Pada 29 Agustus 2023 Nadiem Makarim mengumumkan mengenai penghapusan skripsi yang terdapat dalam Peraturan Menteri Pendidikan Kebudayaan Riset dan Teknologi (Permendikbudristek) Nomor 53 Tahun 2023 tentang Penjaminan Mutu Pendidikan Tinggi.,neutral
@jeonlxyz @collegemenfess dari dulu ngomongnya mau dihapus skripsi mulu,neutral
@HabisNontonFilm ngomongin soal ingatan ingatan waktu mau bimbingan skripsi itu paling pengen dihapus sih saking ga fokus karna masih pagi buru2 jalan cepet sampe ga ngeh didepan bukan pintu akhirnya nabrak kaca bening sakitnya ga seberapa sih tapi malunya euy untung ga ada orang disitu wkwk,neutral
@collegemenfess bknnya dimulai di angkatan 20 ya? UN dihapus pas 2020 kan? trs angkatan 19 di kampusku juga dah pada kelar skripsi pas skripsi ditiadakan gini,neutral
@jejejerapah skripsi dihapus katanya nnti klo blm dihapus tak bantu hapusin lgsg dr laptop mu,neutral
Gimana jadi skripsi dihapus gantinya nyari loker aja,neutral
Skripsi dihapus wkwkwk kena prank pak nadim yang ada. Tapi dengan digantinya skripsi ini diharapkan mengurangi populasi mahasiswa abadi soalnya kalo satu aja yang males ngerjain digebukin satu kelompok project,neutral
@scanofreality Skripsi dihapus populasi Jakarta yang bikin stasiun krl membludak tiap jam pulang kantor,neutral
@convomf Kan emang ya terserah kebijakan prodi dong. Kalau memungkinkan ya pasti bakal dikasih tahu dan diarahin. Kalo belum memungkinkan ya kembali ke skripsi lagi. Dah dibilangin dari kemaren skripsi itu tidak diwajibkan bukan dihapus. Jangan kemakan headline doang napa,neutral
Skripsi Dihapus? Rektor Unimed: Skripsi Lebih Memberi Manfaat untuk Mahasiswa https://t.co/7kJCcsECXz,neutral
@collegemenfess UN dihapus SKRIPSI TESIS dihapus tolok ukur pendidikan apa nih jadinya?,neutral
Topik Diskusi Pagi ini: Mengkaji terobosan Mendikbudristek yang Tidak Mewajibkan Membuat Skripsi dan Tak Wajib Masuk Jurnal. Apa Plus-Minusnya?. Berikut mantan Rektor USD Yogyakarta; Johanes Eka Priyatma Ph.D #NOW #LIVE #TOPIK #pendidikan #penghapusan #skripsi #jurnal,neutral
Aku lulus kuliah 12 thn yg lalu. Awal masuk kuliah kaget liat kating heboh nyediain snack minuman bhkn nasi kotak pas mau sempro &amp; sidang skripsi. Alhamdulillahnya begitu kami mau tamat peraturan kykgt dihapus. Yg sidang gak boleh bawa apapun bhkn aqua pun kampus yg nyediain.,neutral
Skripsi bukan dihapus cuma jadi gak wajib aja gak SIH,neutral
tolong cepat realisasikan skripsi dihapus,neutral
Skripsi dihapus Diganti project/capstone ,neutral
@DrEvaChaniago UN dihapus skripsi tidak lagi wajib,neutral
@blooomylily Gaaaasss aja kak Mumpung masih belum diresmikan itu keputusan soal penghapusan skripsi ,neutral
@oceanaskylight @convomf ada tergantung kebijakan kampus biasanya diganti dengan kegiatan lain bukan semata-mata lulus tanpa skripsi,neutral
Gue paham perasaan sendernya bukan masalah merk hp atau apa itu masalah perjuangan beli hp nya pake duit sendiri gaji pertama pula. Jangan lupa file skripsi nya dihapus nder habis itu dijual awokwok,neutral
Hallo #RencangLLDIKTI4! Berikut postingan Fakta penghapusan Skripsi! https://t.co/cv6N5bMWCh #RencangLLDIKTI4 #MentorSehati #MenjadiKatalisatorMelayaniSepenuhHati,neutral
lah iya kemendikbud bilang skripsi dihapus tapi aku kuliah di bawah naungan kemenag,neutral
skripsi boleh dihapus aja gk si,neutral
bisa ga sih ini skripsi dihapus aja dari peradaban,neutral
@collegemenfess yg bilang skripsi dihapus itu siapa sih . coba disimak slide-nya pak menteri deh,neutral
Penghapusan kewajiban mengerjakan skripsi tesis atau disertasi sepatutnya disertai dengan terjaganya kualitas lulusan perguruan tinggi. #TajukRencana #AdadiKompas https://t.co/BYO2CtHzz3,neutral
hmm aga kurang setuju sih skripsi dihapus kalo udah kerja baru kerasa deh manfaatnya skripsi tuh kaya langkah awal mempersiapkan diri untuk bekerja didunia kerja ada namanya buat laporan tata cara penulisan yang baik dan benar revisi dari pihak sana sini,neutral
Kebijakan Penghapusan Skripsi di Era Kehadiran AI: Menguntungkan atau Merugikan? #TempoIndonesiana https://t.co/UFNpVHXSx2,neutral
@cheiquitta Bisa kak kalo mau dibuat valid. Tapi sebenernya gapapa ada yg ga valid krn yg ga valid ntar dihapus kak itemnyaa,neutral
@um_fess Masalahnya km udh ada hal yg bisa menggantikan skripsi gak? Kalo belum ya tetep bikin skripsi kalo aku gitu mikirnya. Kalo mikir kebijakan skripsi dihapus gak lulus .,neutral
@zaskibukan kalo menurutku pribadi sih aku sangat setuju yaa karena setiap orang memiliki potensi nya sendiri jadi skripsi mungkin bisa dijadikan salah satu opsi kelulusan namun tidak sepenuhnya dihapus. Finanda Putri Arindra /21043010219,neutral
honestly aku tin kontra skripsi dihapus bcs ada skripsi aja lulusannya kadang masih ngang ngong apalagi nda ada skripsi???? but idk sih bakal diganti apa klo misal ada sistem yg bisa ngereplace dg baik ok lah,neutral
@um_fess Kemaren gue ngobrol sm kaprodi perihal ini blio bilang buat prodi gue mah skripsi dihapus apa engga tuh sama aja bebannya ga berkurang. Gaada jaminan kalau project bakalan lebih gampang dr skripsi baiknya menyesuaikan sm kemampuan individu lagi aja,neutral
@chyntiaaasari Sepakat banget skripsi dihapus wkwk,neutral
@tzuubae semangat taun depan skripsi dihapus,neutral
@collegemenfess 2) skripsi tidak dihapus harap baca berita yang lengkap ya jangan judul saja..,neutral
Jenis-jenis KDRT KDRT sendiri telah diatur di dalam UU no 23 tahun 2004 tentang Penghapusan kekerasan dalam rumah tangga yang mana Salah satu aturannya membahas membahas Mengenai jenis-jenis KDRT nihh. #jokitugaskuliah #jokitugashukum #zonauangᅠ #Zonajajan #zonahukum https://t.co/ynLccL55X3,neutral
Tapi ya dipikir lagi kalo emang skripsi beneran dihapus nih angkatan gue bakal masa percobaan sistem baru,neutral
Bisaga skripsi dihapus anyinggg ak tidak sanggup membayangkan,neutral
@collegemenfess skripsi dihapus sih kt gue,neutral
@makimagoreng Ngga dihapus gasih itu cm clickbait. Sebenernya dibebasin ke kampusnya masing masing trs ditambah opsi ga harus skripsi bisa jd tugas akhir atau penelitian gt gt deh,neutral
@collegemenfess Ga setujuuu. Menurutku skripsi itu wajibbb kalaupun dihapus ya berarti TA harus diganti dengan projek atau buat prototipe.,neutral
@0PlNN @unnesmenfess Wkwkwk betullll dasar emang belum tau enaknya skripsi malah seneng skripsi dihapus atau udah ga diwajibkan lagi wkwk,neutral
@collegemenfess skripsi dihapus sii kkn tuh seru!!,neutral
@collegemenfess Padahal mah sesuai kebijakan kampus pun ga dihapus juga. Pilihan selain nulis skripsi apa? Artikel ilmiah? Publikasi jurnal? Prototype? Ya sama aja akhirnya malah keluar duit lebih banyak wkwkwkw,neutral
setujuu sebenernya sm penghapusan skripsi apa lg skrg byk bgt jasa joki dan pemalsuan data kalau tujuan nya buat meningkatkan kualitas mahasiswa emg sistem pend hrus di ubah sih,neutral
@kegblgnunfaedh Skripsi jgn dihapus biar adik² merasakan janjian sama dosen pembimbing,neutral
@ciiikal @dickdutz @tanyakanrl Lah? Skripsi dihapus mah masih bisa ngerjain ulang Memori masa lalu dihapus emang bisa dibalikin lagi?,neutral
@sosmedkeras Kebijakan populis tapi salah besar.. Skripsi memaksa mhsw utk belajar berlatih dan praktek Conceptual Thinking yg sy rasakan sangat berguna di dunia kerja.. Seharusnya bukan dihapus tp diperbaiki prosesnya.. @nadiemmakarim,neutral
@JUWIxZOM Kan skripsi dihapus clem,neutral
@convomf Gapapa skripsi ga dihapus yang dihapus itu sidangnya aja. Yang Penting mah kita udah paham Materi sama skripsi Kita udah bagus Karna revisi²an Asal jangan ada sidangnya aja Karna itu yang paling menguras mental....,neutral
manifesting skripsi dihapus,neutral
kalo kata dosenku skripsi dihapus tp disuruh bikin jurnal awokaoak,neutral
dia angkatan 2019 pas maba libur 2 minggu adek kelasnya UN dihapuskan udah maju sidang tinggal wisuda trs skripsi dihapus,neutral
Lu pada yang seneng skripsi dihapus emangnya yakin penggantinya lebih gampang? Contohnya gaada pedomannya baru dibuat nanti lu bingung dosennya juga bingung jadi kelinci percobaan yang ada Lagian kalo masih ngandelin joki gausah sok-sokan seneng lah wkwk,neutral
[ WEEKLY NEWS ] Hai Teman TIK! Udah denger kabar terbaru belum nih tentang skripsi? Bener ga sih kalo skripsi itu bakal dihapus? Hmmm dari pada penasaran yuk cek faktanya di thread ini! A THREAD,neutral
@ub_mfs Nanti kalo udah sampai ending menjelang skripsi bakal dihapus nilai itu. Transkrip akhirmu bakal ditulis nilai tertinggi.,neutral
Implikasi Penghapusan Skripsi sebagai Persyaratan Wajib bagi Mahasiswa Program S1 https://t.co/8IYtyTSK8S,neutral
@collegemenfess 2020 dijadikan percobaan -masalah pungli -sistem zonasi -belajar mati an ternyata un dihapus -mau sempro skripsi dihapus,neutral
klo skripsi dihapus diganti apa ya,neutral
@Metro_TV Klo skripsi dihapus ganti masa kerja pra karyawan tetap lebih bagus krn tdk mengecewakan semua pihak.,neutral
@collegemenfess Skripsi dihapus.,neutral
@summerissuminar @collegemenfess Setuju penghapusan kewajiban skripsi ini lebih industry based bukan untuk melahirkan ilmuan2 baru dari kampus,neutral
@merapi_uncover Masih gk paham yg jadi korban penghapusan skripsi itu fadila apa dianti? Yg meretas ini si HH? Terus kenapa yg buat surat permintaan maaf si dianti?,neutral
yg angkatan 20 21 22 dst.. ini mah jebakan wkwk tp yauda lg pada seneng juga skripsi dihapus,neutral
@annisazafanas_ sebenernya oke sih kebijakan ini poinnya kan bukan skripsi dihapus tapi ada pengganti yang bisa jadi opsi buat kelulusan. bisa menguntungkan juga sebenernya dari sisi mahasiswa karena jadi lebih bisa tunjukin kemampuan mereka lewat project atau opsi2 pengganti lainnya,neutral
@collegemenfess sudah jelas skripsi kkn seru ga usah dihapus,neutral
@risnqwqn katanya sih skripsi bakalan dihapus tp dikampusku ga ada tuh,neutral
@collegemenfess Serius nanya karena emang gak kuliah. Emang kalo skripsi dihapus dosbing tetep ada?,neutral
sooca dihapus bisa gasi? jujur terbebani dikit sama sooca belum lg nnt disuru mikir skripsi allahuakbar,neutral
@nabillaalmd Dampak utama dari penghapusan skripsi adalah hilangnya standar akademik yang tinggi dalam dalam program studi sarjana (S1). Skripsi adalah peluang bagi mahasiswa untuk mengembangkan keterampilan penelitian analisis data dan penulisan . https://t.co/1e19bO8ANI,neutral
Mendikbudristek Nadiem Makarim mengeluarkan kebijakan penghapusan skripsi sebagai syarat kelulusan mahassiswa. Ini alasannya. #portalyogya #NadiemMakarim https://t.co/nSLXbx1B3d,neutral
Ketua DPR RI Puan Maharani menyebut penghapusan skripsi sebagai syarat kelulusan bagi mahasiswa S1 merupakan bentuk kemerdekaan dalam belajar.Persyaratan skripsi menjadi beban yang berat dan terkadang membatasi eksplorasi ilmu dan minat akademik mahasiswa. https://t.co/Ks6Tpy3xXW https://t.co/GGXs05fXev,neutral
Gimana Cah? Menurut kamu tepat gak sih kebijakan mengenai penghapusan skripsi ini? Sampaikan pendapatmu dengan reply atau qrt!,neutral
Unsoed Sebut Kebijakan Lulus Tanpa Skripsi Dapat Jadi Alternatif Mahasiswa #TempoTekno https://t.co/tZzfWeSfmf,neutral
dah seneng skripsi 3 sks lah dihapus https://t.co/6TSD8EkBYU,neutral
@collegemenfess Dikampusku ngga ada KKN aku sih ngga masalah sama skripsi. Malah excited ngga tau nanti ngerjainnya gimana semoga kelar tepat waktu karena ngga perlu ada yang ditakutkan sebenarnya. Anjay Tapi kalo disuruh milih maybe lebih milih KKN dihapus ,positive
@nadiemmakarim saya awalnya ragu apakah bisa mengepalai kementrian yang terkenal dengan banyak PR didalam nya brilliant dengan tidak memperbaiki malah membuat terobosan yang keluar dari zona nyaman UN Kurikulum Merdeka Dan Skripsi dihapus jadi laporan proyek AYO SOSIALISASIKAN,neutral
Sekolah sistem zonasi Kewajiban nem skripsi tesis disertasi sbg syarat kelulusan dihapus. Semangat konpetisi melempem. Journal ilmiah udah ga jd syarat kelulusan. Anji mau jd apa negri ini?,positive
@collegemenfess Coba spill aturan skripsi dihapus. Plis literasi ,neutral
Jadi skripsi itu tuh bukannya dihapus temen². Melainkan bentuk tugas akhir yang menjadi syarat kelulusan tidak harus skripsi. Jadi nanti yang diubah itu bentuknya yg bisa beragam dan itu diserahkan pada masing² kampus dan prodinya. Jadi jgn salah paham ya gaiss ,positive
Skripsi dihapus kurang setuju karena semua pelajaran saat kuliah cuman materi skripsi saja yg paling mengerti wkwk,neutral
Kalaopun mendikbud di duduki asli produk pendidikan Indonesia yg berangkat dari kampung juga akan kesulitan menerjemahkan dalam bentuk kebijakan. Penghapusan UN dan Skripsi harus atau tidak diserahkan kampus. Menurutku adalah buah dari refleksi panjang dari keruwetan yg komplek,neutral
Skripsi bisa dihapus aja gak.,neutral
Sbenernya skripsi jadi dihapus kgk si,neutral
@kumparan Aku tau arahnya kemana Langkah awal skripsi dulu karena banyak joki Ntar lama² kuliah dihapus karena banyak yg beli ijazah Kalo kampus udah disusupi politik jadinya rusak. Yg mau bikin aturan kan menterinya ngapain rektor yg ngasih penjelasan?,neutral
Salah satu kampus yang sudah menerapkan kebijakan lulus tanpa skripsi adalah ut https://t.co/7nwDV4tVGW,neutral
@collegemenfess WKSKKSKSKWKW NANGIS NANGIS BUAT SKRIPSI EH DIHAPUS,positive
Skripsi Dihapus Ketua DPR: Ini Bentuk Merdeka Belajar https://t.co/BxCAtv2IGb,neutral
@annisazafanas_ Kalau skripsi dihapus prodi atau fakultas harus rencanain form pengganti skripsi dan standar kelulusannyang adil buat setiap mahasiswa si. Kalo nama doang yang ganti si sama aja ya,neutral
@JurnalAkuntansi UN dihapus Skripsi dihapus ,neutral
@rismayulinad @collegemenfess Gak ada aturan tertulis skripsi dihapus ,positive
Braw! tau ga skripsi yang dipake jadi syarat wajib kelulusan udah dihapus karena adanya kebijakan Merdeka Belajar? Nah bisa banget nih dateng di acara Ngobrol Pintar Topik Terkini (NGOPINI) yg diadain Baris FISIP Jumat ini braw jam 13:00 di gazebo B Fisip https://t.co/WAZFvTJ53P,neutral
Gila. Kalo dosbing dihapus mana ada gw sidang skripsi cuma 30 menit dan bisa dapet nilai A HAHAHAHA jangan gitu dong ibu dosbing gw super duper helpful walaupun kadang suka galak dikit tapi skripsi gw beres on time!!!,neutral
@annisazafanas_ Saya pribadi merasa fine jika skripsi dihapus dan diganti tugas akhir sesuai keilmuan nya masing². Hanya saja ada sesuatu yang mengganjal dan rasanya seperti mengirimkan tentara tanpa senjata ke medan perang mengingat kemampuan menulis di Indonesia masih rendah,neutral
semoga skripsi dihapus Aamiin,positive
@collegemenfess hadeh wacana skripsi mau dihapus tu udah dari kapan taun nder selalu begini alurnya,neutral
@collegemenfess sebenarnya skripsi ga dihapus gapapa. sidangnya aja yg dihapus jadi pas skripsinya jadi tinggal dikumpulin terus wisudaaa.,neutral
@aqisthiaf Itulah kan bukan penghapusam skripsi. Tapi penghapusan kewajiban kalau tugas akhir bentuknya HANYA skripsi. Dan keputusan tetep dari kampusnya masing2. Artinya akan tetep ada kampus yg wajibin hanya dalam bentuk skripsi sebagai tugas akhir.,positive
Walopun dihapus kan mesti ada penggantinya yg setara skripsi kocak,neutral
@bedahplastik @collegemenfess Nyatanta justru dosenya keluar negeri terus Sekali ada susah ditemui . Tapi ya dia salah paham bukanya skripsi dihapus tapi option.,neutral
skripsi dihapus wkwk karna ak udah ga kkn,neutral
Ngakak banget sama komentar nya Angkatan 2020 selalu jadi kelinci percobaan Tapi untuk kali ini aku ngga papa jadi kelinci percobaan penghapusan skripsi https://t.co/uxrXekEETz,neutral
@helihailey @bododahserah @collegemenfess Aku pernah nanya knp gaa dihapus aja katanya sudah tradisi wkekw btw aku nanya sama kaprodi ku wkwkwk -&gt; mohon maaf bukan songgong kaprodi ku juga ga suka ada kompree karena bikin lamaa ,neutral
@collegemenfess kalau di prodiku ngajuin penghapusan nilainya nanti aja sekalian kalau udah skripsi dan diajuin pas pemberkasan buat sidang,neutral
@tanyakanrl Nah kan bener dibunuh lah!! Bilangin juga apa UU ank dibawah umur itu dihapus aja! Mending ganti syariat Islam walaupun ekstrim tpi ga segininya,neutral
SMA 2019 Kuliah 2020 skripsi tidak dihapus tp tidak diwajibkan jadi masih tetep kok aku skripsian‍️,neutral
Universitas Mulawarman Pertimbangkan Penghapusan Skripsi https://t.co/gTKEjSUXWk,neutral
@sosmedkeras Ntar udah jalan tanpa skripsi tiba2 ganti kebijakan ,neutral
bodoamat skripsi mau dihapus juga,neutral
angkatan 19 emang nanggung UN dihapus pas udah lulus skripsi dihapus pas udah lagi nyusun,neutral
Pak nadim penghapusan skripsi tesis dsb bisa dimulai dari besok aja g? Saia rasa2 kok saia dh mulai mual sampe ubun2 sama tesis ini ya hmz,neutral
bisa gak si ya ini para capres menjanjikan skripsi dihapus aja ,neutral
@sekareeeee Nadiem kata skripsi bakal dihapus tapi kembali ke universitas dan fakultas masing² ,neutral
@hitamanisss_ @karirspace Malah sekarang skripsi mau dihapus total,neutral
kdg gue bingung yg baca sekilas trs skripsi diapus trs masut elo dihapus gitu aja gaada penggantinya??? skrg fokus ajadeyyy ama dospem gosa nanya mulu km nanya km nanyaaa muak anj,neutral
Skripsi dihapus bisa gila gue lama2: ),neutral
#Skripsi dihapus transformasi di dunia akademik! ‍#OpenDataJabar #LebihDariData https://t.co/DiGc0GM3KN,neutral
ga semudah itu skripsi dihapus terbitlah artikel dan jurnal huahahahaha,neutral
pas daftar smp ada zonasi pas mau lulus ada UNBK pas masuk SMA diterapkan kurikulum 13 pas masuk kuliah UN dihapus lagi kuliah ada pandemi MAU LULUS KULIAH SKRIPSI DIHAPUS https://t.co/VhktFP19HJ,neutral
@owuuun_07 mjb keknya engga deh baru kemaren debat ttg penghapusan kewajiban kelulusan pke skripsi ,neutral
Skripsi itu banyak banget manfaatnya loh. Kenapa dihapus?,neutral
@DokterTifa Nah apakah ada hubungannya ya kebijakan Kemendikbud yg akan memberlakukan S1 tanpa skripsi wah lama2 kalau pingin punya ijazah tinggal datang saja ke percetakan semoga tdk benar,neutral
@tanyakanrl siap siap muncul menfess org tersakiti krn file skripsi dihapus sodara. kalo beneran ada fix berarti sodaramu lagi playvict,neutral
Penghapusan kewajiban mengerjakan skripsi tesis atau disertasi sepatutnya disertai dengan terjaganya kualitas lulusan perguruan tinggi. #TajukRencana #AdadiKompas https://t.co/kbrOyRWNyU,neutral
AYO PAK BANTU HIBUR SAYA DENGAN PENGHAPUSAN SKRIPSI INI PAK SAYA LAGI SEDIH BGT GA FOKUS SKRIPSIAN INIMAH,neutral
soalnya kalo misal skripsi dihapus gue pasti bisa lulus tepat waktu ,neutral
Gapapa deh skripsi ga dihapus tapi sidang sama revisinya aja yg dihapus ,neutral
1. Laptop. buat tunjukin progres skripsi kamu (ini jaga2 takutnya si dosen ngelak itu bukan 100% bikinan kamu dan kamu cuma bantu2 dikit) 2. Tunjukin chat km sama dosenmu. SS kalo bisa takutnya dihapus sama dianya 3. Ss skripsi kamu yang diterbitin dosen tsb,positive
Kepriwe kabare Cah? Beberapa hari kemarin ramai nih mengenai penghapusan skripsi oleh Menteri Pendidikan Nadiem Makarim. Kalian penasaran gak sih kenapa Pak Nadiem bisa mengatakan seperti itu? #CahunsoedInfo A Thread,neutral
daripada skripsi dihapus mending sidangnya aja dehh gua lebih takut sidangnya :(,neutral
@collegemenfess angkatan 22 bilek: mau lulus sma UN dihapus mau lulus kuliah skripsi dihapus ,neutral
Saya mendukung kebijakan Mendikbud Nadiem Makarim yg tdk mewajibkan skripsi untuk bisa lulus S1 krn kebijakan itu dulu jg sudah diterapkan di IKIP dan ISI. Di IKIP dulu ada jalur skripsi bagi yg mau jadi dosen dan jalur glundung (tanpa skripsi) bagi yg tdk ingin jadi dosen,neutral
Skripsi dihapus Kelebihan : Meringankan beban mahasiswa Kekurangan : Mengurangi pendapatan joki skripsi https://t.co/hp2WLcSFWQ,neutral
Beneran tolol sih kalau ada mahasiswa yg mau dukung kebijakan nadiem. Coba suruh dia skripsi tanpa referensi hah?!,neutral
Katanya peringkat 500 kampus terbaik dunia kok setuju kalo skripsi dihapus atau diganti wkwk https://t.co/1jJ1OUp2cx,positive
Bentar sebenernya tuh skripsi jadi dihapus apa kaga sih,neutral
@collegemenfess 1. Keributan antara shafa dan mamanya salah stu idol kpop wkwkwkwk 2. Itu lho pesantren yg petingginya pake ajaran sesat aku lupa lagi nama pesantrennya 3. Kasus s*mbo yg gagal dihukum mati 4. Penghapusan skripsi (padahal aslinya suruh milih),neutral
Akademisi Majalengka: Sepakat Skripsi Dihapus Tapi Belum Waktunya https://t.co/tEkG3sWdTY,neutral
@ilyneyy Katanya skripsi dihapus hoax dikampusku :(,neutral
Pro dan Kontra Kebijakan Penghapusan Skripsi https://t.co/Hg9EmOxJTZ,neutral
@collegemenfess skripsi lah dihapus kkn ga seburuk itu plss kelompoku seruu lingkungannya jg ok bgt. boros engganya kkn tergantung lu bisa ngatur pengeluaran harian &amp; main apa ngga trs jg gausa bikin proker yg ngeluarin duit banyakk,neutral
@hrly_jo @collegemenfess Sayangnya skripsi gak dihapus hanya bisa diganti dengan opsi lain ,negative
@mildloiner skripsi dihapus tp anak kesmas disuruh cari metode penyuluhan untuk mengatasi penyebaran penyakit backburnerngitis di masyarakat,neutral
bisa ga sih skripsi dihapus aja,neutral
Skripsi mau dihapus ditengah gencarnya deklarasu pentingny literasi dalam kehidupan sehari-hari Sedih banget orang (zaman sekarang) yang sekolah aja belum semua bisa menggunakan titik koma dan huruf yang benar eh malah skripsi mau dihilangkan Typing semakin hancur dong,neutral
Skripsi Dihapus Plh Wali Kota Bandung: Dunia Pendidikan Itu Dinamis https://t.co/Cpmtueg6b2,positive
Gue baru selesai skripsi blm lama ini dan tiba tiba dihapus. Kok km pilih kasih sih,neutral
@collegemenfess Kuliah ngaret sampe 14 semester cuma gara2 skripsi endingnya malah dihapus. Sikintil,neutral
Arep skripsi dihapus po ora yo tetep golek gawean angel,neutral
@collegemenfess mau join kasi opinii yaa menurutku skripsi dihapus itu sgt menguntungkan bagi temen2 yg lebih condong ke praktisi. bikin redaksional tuh susah loo ada bbrp orang yg lbh suka bikin alat / software / prototype nya langsung. kalo alat / software / prototype nya nyala yauda beres,neutral
@collegemenfess tp mnurutku ini 50 50 sih skripsi dihapus tp tar syarat lulus juga ga bakal semudah itu pasti ada project laporan dan macem2 jadi ya sama aja sama sama pusing,neutral
Sa udah ada perubahan penghapusan skripsi lho,neutral
@unnesmenfess Aneh bgt skripsi dihapus tp sinta minimal dua mah sama aja boong,neutral
OH ternyata selama gua ke masa lalu KEWAJIBAN BIKIN SKRIPSI SUDAH DIHAPUS OLEH PEMERINTAH! HAHAHAHA *evil laugh*,neutral
@kookieslattae Di tingkat atas aj gitu.UN dihapus aja bikin anak2 yg dari sekolahbnegri biasa tuh males2an dan sejujurny tipe western di sistem pendidikan kita gk cocok bgt. Anak2ny gk kritis dari sdm pengajar juga blm siap klo ditingkat uni gk ada skripsi apa gk makin nurunin kualitas sdm ya?,neutral
@collegemenfess Skripsi dihapus,neutral
@collegemenfess skripsi dihapus!,neutral
@manyflaw bukane skripsi dihapus. ,neutral
Sebenarnya fase ini melelahkan tp ga juga yang mengatakan ga setuju apalagi sampe dihapus. Mending dibenerin kali ya dosen2 gajelas yg gatau mau sidang atau binbing skripsi kek mana.. kadang yg bikin stress yg kaya gitu,neutral
Penghapusan kewajiban skripsi memang memberi kebebasan mahasiswa memilih tugas akhir sesuai bidang yang diminati. Meskipun begitu mahasiswa harus memahami tugas akhir lain pengganti skripsi. #ArtikelOpini #AdadiKompas https://t.co/906gG73Kwr,neutral
@Deapokoknya @collegemenfess boro2 sidang smt 7 skripsi yg udh diambil smt 7 aja dihapus dan disuruh ambil smt 8 wkwkwkwk,neutral
@collegemenfess tolong skripsi jangan dihapus ini bikin pada rajin bersih2 ,neutral
@summerissuminar @collegemenfess Setuju penghapusan kewajiban skripsi ini lebih industry based bukan untuk melahirkan ilmuan2 baru dari kampus,neutral
@convomf Dosen esp assessmentku kemarin udah declared sejujurnya saya gak setuju sama kebijakan skripsi dihapus. ,neutral
@um_fess pdhl tinggal ngikutin aja kalo jurusan minta skripsi ya skripsi artikel ya artikel meskipun dihapus pasti digantikan dg tugas yg bobot nya sama nikmatin aja toh pasti semua yg km lakukan ada manfaatnya buat km sendiri,neutral
skripsi jgn dihapus mending sidangx aja yg dihapus,neutral
@UPIfess Jumlah maksimal sks tu 156 (udah termasuk skripsi) kalo di ahir nanti lebih dari itu mau gamau ada penghapusan matkul angus ga angus gabegitu rugi sih asalkan sks lu kaga pas pasan aja buat lulus harusnya gabakal kekurangan sih,neutral
Sekali lagi penghapusan skripsi bagi kelulusan sarjana pasti disambut gembira para mahasiswa dan pastinya lagu lawas Iwan Fals seperti judul di atas akan semakin syahdu. #userstory https://t.co/VeZg0rrfYb,positive
-en sumringah banget yang habis denger berita skripsi bakal dihapus https://t.co/K5teOOnYuz,positive
penghapusan kewajiban skripsi malah jadi alibi validasi mahasiswa yang males skripsian,neutral
Skripsi Bakal Dihapus Ini Tanggapan Rektor Unair @Unair_Official https://t.co/VunSXjzXCE #unair #rektorunair #skripsi #beritapendidikan #surabaya #beritasurabaya #kabarterdepan,neutral
@convomf Ya pdhl udh diblg dri awal sm beliau kalo itu balik lagi ke universitas dan fakultas masing-masing. Dan lagi skripsi dihapus digantinya projek keknya lebih syulid,neutral
@annisazafanas_ Hasil keputusan Nadiem Makarim selaku Mendikbudristek mengenai penghapusan skripsi pada mahasiswa akhir merupakan kabar bahagia untuk mahasiswa tingkat akhir.,negative
@collegemenfess Skripsi tidak dihapus tolong. Ini bikin sesat. Yang bener untuk lulus tidak wajib skripsi tapi ada penggantinya,neutral
@KompasTV Kebijakan populis tapi salah besar.. Skripsi memaksa mhsw utk belajar berlatih dan praktek Conceptual Thinking yg sy rasakan sangat berguna di dunia kerja.. Seharusnya bukan dihapus tp diperbaiki prosesnya.. @nadiemmakarim,neutral
@collegemenfess skripsi dihapus,neutral
Tapi kelihatan sama aja ya karena skripsi masih tercantum. Aku kira bakal yang bener-bener dihapus gitu,neutral
dosennya meni nggak mau nahan kamu nder:( kalau dosennya bibi aku pasti beliau yg bantu dan bahkan bisa aja buatin skripsi kamu. soalnya kmrn aja mahasiswanya kan ada yg autis nah si anak ituteh sebenenya suka ngerjain tp abis itu dihapus lagi gitu aja terus terusan.,neutral
@sosmedkeras setelah aku lulus SMA: UN dihapus setelah aku lulus kuliah : skripsi dihapus ,neutral
Skripsi dihapus Nadiem Makarim apakah untuk semua universitas di tanah air? Bagaimana cara lulusnya? #skripsidihapus #NadiemMakarim #kemendikbud #skripsi https://t.co/hxErdJFFNy,neutral
@sosmedkeras Lah skripsi dihapus. Mending ospek pak dihapus. Ada yg cm jd ajang balas dengdam ato skrg lg rame wat papermob ato apalah itu. Penelitian itu mah. Biar kebentuk kerangka berpikirnya. Klo dasar penghapusan cm relevansi dgn dunia kerja ya intinya pengen nyetak budak korporat aj,neutral
@altagfg Aku setuju sama poin-poin Altaf di sini. Kalau dilihat-lihat mereka yang merasa menyesal karena wajib skripsi dihapus juga dari angkatan yang mengalami UN terakhir jadi pasti ada kemungkinan muncul rasa seperti itu.,neutral
@kiddsioo tauny skripsi dihapus,neutral
@collegemenfess oseanografi : skripsi dihapus diganti nguras tumpahan minyak di seluruh dunia sambil ngitungin proses degenerasi klororifl a yang terdampak.,neutral
Soal Penghapusan Skripsi Unair Sambut Baik dan Siapkan Skema Baru. Unair Surabaya menyambut baik kebijakan Kemendikbudristek terkait penghapusan skripsi dalam Permendikbudristek No. 53 #PendidikanKesehatan #Kemendikbudristek via @beritajatimcom https://t.co/F6yiLP5mZc,neutral
Undana Kupang Siap Menyesuaikan Kebijakan Penghapusan Skripsi untuk Mahasiswa https://t.co/aEI7dyEr1q,neutral
@chyntiaaasari Skripsi itu tanggung jawab akademik menjadi mahasiswa ya jadi jangan dihapus,neutral
Aku merasa yang namanya skripsi lta thesis harus dihapus dari dunia ini,neutral
Setuju skripsi dihapus atau tugas akhir jadi penelitian tingkah laku Satria podcast? tugas akhir penelitiannya neliti lagu exile smp hati teriris iris https://t.co/alm2LFwfJk,neutral
Lama2 bosen juga yg muncul di TL mahasiswa yg bahas ttg penghapusan skripsi. Hey dek itu bukan berarti kelulusan kalian jadi lebih mudah loh Emangnya nembus jurnal Sinta sekian bikin project atau prototipe apalah itu bakal lebih gampang? ,neutral
@robbyiborrn Iya kang kalau soal adu-aduan kesibukan pasti enggak akan selesai ujungnya. Cuma kesan yang didapatkan dari penghapusan kewajiban skripsi ini jadi cara aman bagi para mahasiswa. Padahal sayang banyak potensi yang bisa digali dari pengalaman skripsi. Mostly pengalaman hidup.,neutral
Skripsi Dihapus? Mahasiswa Harus Sedih atau Senang Bahas mahasiswa aja gamau bahas Cawapres Anies dr Demokrat. Semoga September bnyk yg wisuda biar September ceria. Gimana nih? para pejuang skripsi kalo dihapus... uda nangis eh dihapus Dahlia blg semangat mahasiswa akhir! https://t.co/eXcddpkEVZ,neutral
Penghapusan kewajiban skripsi memang memberi kebebasan mahasiswa memilih tugas akhir sesuai bidang yang diminati. Meskipun begitu mahasiswa harus memahami tugas akhir lain pengganti skripsi. #ArtikelOpini #AdadiKompas https://t.co/906gG73Kwr,neutral
Implikasi Penghapusan Kewajiban Skripsi Bagi Mahasiswa Program S1 https://t.co/y4Jki120Wk,neutral
Skripsi Dihapus dan Kisah-kisah yang Tercecer https://t.co/0Be1aU82iu,neutral
Soal Wacana Penghapusan Skripsi Sebagai Syarat Kelulusan Dewan Pendidikan DIY: Tidak Ada Persoalan ...Merdeka!!! https://t.co/0zlmaC4O4n,neutral
gw pusing bgt cok ngadepin skripsi astaga plis bisa dihapus aja gasihh skripsi ini tolong,neutral
@tanyakanrl Kalo skripsi nya dihapus menurutku gak ngaruh sih kalo sepupu mu punya file skripsi di hp nya,neutral
@andrimauuu Memang ndri kalau tak salah bahkan dibikin meme pakai dapus mcm skripsi tp dah dihapus. Lg pula kan parsoc memang anonim dari dulu. Kalau sebut sumber berarti bisa ketahuan orang dibalik anonim itu kan? Udh bnyk sbtlny yg gerah dgn nhi tarok sumber tp tak sesuai dgn artikel,neutral
Kalau skripsi dihapus aku akan ambil S1 lain bidang lagi.,neutral
UGM dan UNY sambut baik penghapusan kewajiban skripsi https://t.co/ME8KiSLav9,neutral
Pada 30 Agustus 2023 Universitas Teknik Sumbawa Chairul Hudaya menanggapi jika agenda dihapusnya skripsi sudah ada dari jauh-jauh hari. Dan merasa kebijakan yang berlaku memberikan keleluasan buat kampus tanpa menurunkan kualitas pembelajaran.,neutral
bejir iya juga klo skripsi dihapus gantinya lebih gampang lah klo skripsi dihapus gantinya 1000x lebih jahanam gimana cok,neutral
@collegemenfess Kkn dihapus. Karena ngga semua punya dana turlap sendiri apalagi kalo sistem reimbursement. Kalo skripsi kita fokus ke penelitian ya toh objek penelitiannya juga ngga jauh dari pengabdian pada masyarakat kok malah udah mencakup tri dharma perguruan tinggi imo,neutral
November full diprank kehidupan. dari yg kebijakan lulus tanpa skripsi dr prodi sampe temen yg fakenya gak ketulungan. yg salah siapa yg jd victim siapa. ngakunya tertekan pdhl selama ini udah pura gak ada masalah taunya yg sana bikin asumsi sendiri yg salah jd aku,neutral
Akademisi Majalengka: Sepakat Skripsi Dihapus Tapi Belum Waktunya https://t.co/9wYruwJbyT,neutral
Soal Kebijakan Penghapusan Skripsi DPRD Kaltim Saran Ganti Jurnal Ilmiah dan Praktik Kerja https://t.co/abyNaXqIKq,neutral
@nonuunggie Sebenernya peraturan nya terlalu mendadak pelaksanaan nya... Skripsi dihapus pun pasti ada pengganti yg sama susahnya karna gak mungkin kita kuliah 3 5 - 4thn ga ada ujiannya ,neutral
ADEK TINGKAT GUE NANYA KE DOSEN AKADEMIK TTG PENGHAPUSAN SKRIPSI WKWKWKWK mentalnya keren batt lukh dek ,neutral
bisa2nya indikator yg penting dihapus gua yg skripsi sama tesisnya neliti itu nangis aja lah,neutral
Tiga Dampak Penghapusan Skripsi Tesis Disertasi yang Tuai Kontroversi #tulungagung https://t.co/n5eFvBqDjv,neutral
@collegemenfess skripsi dihapus tapi jangan ada tambahan TA wkwk. kalo udah 144 sks ya udah lulus maafkan aku yang ngelunjak,neutral
Nasyiah Talk Edisi ke-4 Pro Kontra Kebijakan Penghapusan Kewajiban Skripsi di Peguruan Tinggi Jumat 27 Oktober 2023 Pukul 19.00 WIB - selesai Narasumber : Risni Julaeni Yuhan Ketua Bidang Pendidikan dan Penelitian PPNA Live Instagram @ppnasyiah #skripsi #pendidikantinggi https://t.co/Ive9n0J8ti,neutral
1. Hemat sy yg krusial dikritisi terkait Permendikbud 53 tahun 2023 ini bukan soal tdk wajib skripsi dihapus pasal wajib publish jurnal tapi terkait AKREDITASI. 1. Izin PT/prodi dicabut jk statusnya tdk terakreditasi. Tdk ada masa perbaikan. 2. LAM jadi pasar bebas karena...,neutral
skripsi dihapus atau skripsi bukan satu satunya jalur buat lulus aku sih pro yah ,neutral
@ryujiacle anak psikologi klo skripsi dihapus penggantinya disuruh baca pikiran dospem sm dospen,neutral
@raye_brahm TOLONG YA MEDIA BACA THREAD INI. Jangan cuma temnal temnil yg bertema Skripsi dihapus ,neutral
@collegemenfess Skripsi dihapus bcz kampusku ga ada kkn wkwk,neutral
@direktoridosen tapi ya mindos keknya memang ada orang yg ditakdirkan hebat dalam penelitian tp jeblok dalam kerja real life dan sebaliknya skripsi ajur ajuran tapi kerja selalu top diatas jadi saya setuju skripsi dihapus diganti jdi opsional saja ,neutral
Skripsi dihapus Pertalite dihapus Tapi cintaku padamu tidak dihapus yahahaha saranghae,neutral
Puan Maharani menyebut penghapusan skripsi sebagai syarat kelulusan bagi mahasiswa S1 merupakan bentuk kemerdekaan dalam belajar. https://t.co/BE25SYVPY7,neutral
@collegemenfess Skripsi dihapus lhaaa plis,neutral
Skripsi jadi dihapus ga bng,neutral
@annisazafanas_ Setuju aja tetapi kalau skripsi dihapus perlu di pertimbangkan lagi dampaknya bakal kayak gimana karena skripsi kalau di hapus akan menimbulkan hal yang baru untuk angkatan yang mengalami pembaruan tersebut.,neutral
Menurutnya kebijakan mahasiswa tanpa perlu mengerjakan skripsi sebagai syarat kelulusan sejatinya sudah pernah diterapkan di Indonesia pada era 1980an. #publisherstory #beritaanaksurabaya https://t.co/J9wWRlREue,neutral
Skripsi dihapus ,neutral
Rektor UNS Sambut Positif Kebijakan Lulusan tanpa Skripsi Pacu Inovasi dan Kreativitas #rektoruns #uns #lulustanpaskripsi @11MaretUniv @UNSfess_ @BEMUNS https://t.co/xWzQbvaVpf,neutral
@collegemenfess bukan dihapus ga si tp diganti ke alternatif lain selain skripsi,neutral
Lagi rame soal skripsi yang dihapus. Tapi aku lebih dukung kkn sihh yang dihapus.,neutral
2 hari ini di kelas bahasannya soal penghapusan skripsi melulu. Kan kalau skripsi dihapus tetep ada tugas pengganti. Emang pada mau misal diminta nulis novel boso Enggres?,neutral
Mahasiswa UHW Perbanas Punya Kesempatan Lulus Lewat Proyek Bisnis. UHW Perbanas Surabaya masih akan melakukan sejumlah analisis kebijakan Kemendikbudristek terkait penghapusan skripsi dalam #PendidikanKesehatan #Penghapusanskripsi via @beritajatimcom https://t.co/uVCSsyuzm6,neutral
@worksfess 1. Ya berdasarkan pengalaman kamu (jujur sih kalau gk ada pengalaman mending dihapus aja ) atau gk masukin aja skripsi kan skripsi nyari masalah yg kita liat trus buat RM dsbgnya maybe kadang ada yg ngasih solusi atau hanya membuktikan teori tsb salah/benar ,neutral
skripsi gw bukan sebatas bungkus gorengan. it's the thought process that is very causal to my daily viewpoint disagreements. penghapusan skripsi buat gw malah kureng efektif. kita selama kuliah kan cuma dikenalkan sama teori skripsi ini lah yg ditujukan buat pengetesan teori itu,neutral
Mendikbudristek Nadiem Makariem meluruskan ketentuan wajib atau tak wajib skripsi sebagai tugas akhir mahasiswa D4 dan S1 diserahkan pada perguruan tinggi masing-masing. Ini sebagai penjelasan isu skripsi dihapus sebagai syarat kelulusan perguruan tinggi. https://t.co/ns6OyEQSsE https://t.co/7hyO9m1gi9,neutral
sama aja skripsi dihapus tapi penggantinya publikasi jurnal minimal sinta. nangis dikit ga ngaruh. berchandya berchandyaaa,neutral
@collegemenfess Jurusan Ked Hewan : skripsi dihapus....gantinya kalian harus bisa menemukan cara transplantasi cula badak sehingga tdk lg bercula satu,neutral
@collegemenfess Skripsi dihapus,neutral
@collegemenfess Skripsi salah satu hal yg mengajarkan mahasiswa ttg Analytical Thinking bayangin kalo dihapus lulusan s1 jadi kek gimana?,neutral
Mas/Mbak memang bisa tanpa skripsi tapi syaratnya KURIKULUM PRODI HARUS DIGANTI dulu. Kalaupun kurikulum baru sudah jadi tahun ini tidak mgkn diimplementasikan tahun ajaran ini. Paling cepat diberlakukan pd angkatan 2024. Kalian tidak bisa menikmati kebijakan ini. ,neutral
@crinklepasta @collegemenfess Dan di beritanya juga bukan penghapusan skripsinya. Tapi sekarang skripsi udah ngga wajib jadi mungkin beberapa kampus masih menerapkan tugas akhir kepenulisan yang hampir sama kayak skripsi,positive
riwayat bimbingan skripsi di siakad um! bisa dihapus ga si tadi aku salah masukin bulan:(,neutral
skripsi dihapus gantinya disuruh buat pesawat,neutral
@collegemenfess Ujiannya aja sih mendingan yg dihapus kaya gpp bikin skripsi tp gausa ujian,neutral
Skripsi UKom OSCE TOEFL. Kalo skripsi memang dihapus tolong ilangin buat mahasiswa kesehatan. Ga ngaruh di kelulusan tapi sumpah ngabisin bnyak waktu yg hrusnya bisa gue pake buat persiapan UKom/OSCE/TOEFL,neutral
@collegemenfess Skripsi aja gak sih yang dihapus,neutral
Semua perdebatan skripsi dihapus Maraki emosi. Dikira dihapus beneran padahal dikasi opsi lain yg malah next level. Lebih industrial based ama naikin visibility kampus. Itu fokus Mas Menteri. Malah missed the point. Kene debat yoh sing ngmg gembira dihapus!!!!,negative
Kok berita skripsi dihapus diresponnya begini amat ya sama para pemales,neutral
Jujur aku masih kayak bingung skripsi dihapus terus penggantinya penelitian gitu? Atau gimana sih???,neutral
@collegemenfess skripsi gausa dihapus si tp sidang aja hapus wkwk,neutral
@collegemenfess Gapapa aku malah justru seneng pasti skripsi dihapus gantinya ga akan semudah itukan buat lulus? Malah dari alternatif lulus yang sekarang jalur skripsi paling mudah dibanding jalur non skripsi,neutral
sekalipun skripsi dihapus dan diganti sm yg katanya project tp kalo tetap ada kayak semacam sidang ya samaaja wkwkw. malah lebih berat kalo project trs sidang,negative
Mahasiswa Harus Tahu Berikut Terobosan Penerapan Penghapusan Skripsi Dari Nadiem Makarim #Promedia #NadiemMakarim #skripsi https://t.co/3C4IshgDEP,neutral
@cureleann @collegemenfess Ini yang perlu disosialisasikan lagi sih berita yang seliweran terus skripsi dihapus dan apa lah. Padahal kan kembali lagi ke universitas masing masing kan,neutral
@collegemenfess Skripsi dihapus soalnya aku gak kkn,negative
@tvOneNews Alasan skripsi dihapus,neutral
Soal Penghapusan Skripsi DPR: Harus Ada Aturan Baku https://t.co/xJY2i4OHMk,neutral
@collegemenfess SKRIPSI DIHAPUS LAH,neutral
akan kucantumkan jake dan hiseng tapi lebih baik skripsi dihapus,neutral
 mending sidang skripsi dihapus lalu apa parameter penentu anda benar benar sudah mendapat ilmu selama kuliah? oh ganti sama ujian lisan matkul dr semester 1 - akhir gitu asik berarti https://t.co/jtCWx7dF9n,neutral
@collegemenfess Skripsi dihapus ganti sama report atau project gt aja kl bisa,neutral
Definisi kuliah cuma ospek sama skripsian doang pas skripsi udah tengah jalan malah mau dihapus ,neutral
